provider.name,count_of_items,dataProvider_file_path
National_Archives_and_Records_Administration,10280840,files/dataProvider/National_Archives_and_Records_Administration.csv,files/dataProvider/National_Archives_and_Records_Administration.csv,files/dataProvider/National_Archives_and_Records_Administration.csv,files/dataProvider/National_Archives_and_Records_Administration.csv,files/dataProvider/National_Archives_and_Records_Administration.csv,files/dataProvider/National_Archives_and_Records_Administration.csv,files/dataProvider/National_Archives_and_Records_Administration.csv,files/dataProvider/National_Archives_and_Records_Administration.csv,files/dataProvider/National_Archives_and_Records_Administration.csv,files/dataProvider/National_Archives_and_Records_Administration.csv,files/dataProvider/National_Archives_and_Records_Administration.csv,files/dataProvider/National_Archives_and_Records_Administration.csv,files/dataProvider/National_Archives_and_Records_Administration.csv,files/dataProvider/National_Archives_and_Records_Administration.csv,files/dataProvider/National_Archives_and_Records_Administration.csv,files/dataProvider/National_Archives_and_Records_Administration.csv,files/dataProvider/National_Archives_and_Records_Administration.csv,files/dataProvider/National_Archives_and_Records_Administration.csv,files/dataProvider/National_Archives_and_Records_Administration.csv,files/dataProvider/National_Archives_and_Records_Administration.csv,files/dataProvider/National_Archives_and_Records_Administration.csv,files/dataProvider/National_Archives_and_Records_Administration.csv
Smithsonian_Institution,2953551,files/dataProvider/Smithsonian_Institution.csv,files/dataProvider/Smithsonian_Institution.csv,files/dataProvider/Smithsonian_Institution.csv,files/dataProvider/Smithsonian_Institution.csv,files/dataProvider/Smithsonian_Institution.csv,files/dataProvider/Smithsonian_Institution.csv,files/dataProvider/Smithsonian_Institution.csv,files/dataProvider/Smithsonian_Institution.csv,files/dataProvider/Smithsonian_Institution.csv,files/dataProvider/Smithsonian_Institution.csv,files/dataProvider/Smithsonian_Institution.csv,files/dataProvider/Smithsonian_Institution.csv,files/dataProvider/Smithsonian_Institution.csv,files/dataProvider/Smithsonian_Institution.csv,files/dataProvider/Smithsonian_Institution.csv,files/dataProvider/Smithsonian_Institution.csv,files/dataProvider/Smithsonian_Institution.csv,files/dataProvider/Smithsonian_Institution.csv,files/dataProvider/Smithsonian_Institution.csv,files/dataProvider/Smithsonian_Institution.csv,files/dataProvider/Smithsonian_Institution.csv,files/dataProvider/Smithsonian_Institution.csv
HathiTrust,2745120,files/dataProvider/HathiTrust.csv,files/dataProvider/HathiTrust.csv,files/dataProvider/HathiTrust.csv,files/dataProvider/HathiTrust.csv,files/dataProvider/HathiTrust.csv,files/dataProvider/HathiTrust.csv,files/dataProvider/HathiTrust.csv,files/dataProvider/HathiTrust.csv,files/dataProvider/HathiTrust.csv,files/dataProvider/HathiTrust.csv,files/dataProvider/HathiTrust.csv,files/dataProvider/HathiTrust.csv,files/dataProvider/HathiTrust.csv,files/dataProvider/HathiTrust.csv,files/dataProvider/HathiTrust.csv,files/dataProvider/HathiTrust.csv,files/dataProvider/HathiTrust.csv,files/dataProvider/HathiTrust.csv,files/dataProvider/HathiTrust.csv,files/dataProvider/HathiTrust.csv,files/dataProvider/HathiTrust.csv,files/dataProvider/HathiTrust.csv
The_New_York_Public_Library,2048825,files/dataProvider/The_New_York_Public_Library.csv,files/dataProvider/The_New_York_Public_Library.csv,files/dataProvider/The_New_York_Public_Library.csv,files/dataProvider/The_New_York_Public_Library.csv,files/dataProvider/The_New_York_Public_Library.csv,files/dataProvider/The_New_York_Public_Library.csv,files/dataProvider/The_New_York_Public_Library.csv,files/dataProvider/The_New_York_Public_Library.csv,files/dataProvider/The_New_York_Public_Library.csv,files/dataProvider/The_New_York_Public_Library.csv,files/dataProvider/The_New_York_Public_Library.csv,files/dataProvider/The_New_York_Public_Library.csv,files/dataProvider/The_New_York_Public_Library.csv,files/dataProvider/The_New_York_Public_Library.csv,files/dataProvider/The_New_York_Public_Library.csv,files/dataProvider/The_New_York_Public_Library.csv,files/dataProvider/The_New_York_Public_Library.csv,files/dataProvider/The_New_York_Public_Library.csv,files/dataProvider/The_New_York_Public_Library.csv,files/dataProvider/The_New_York_Public_Library.csv,files/dataProvider/The_New_York_Public_Library.csv,files/dataProvider/The_New_York_Public_Library.csv
University_of_Southern_California_Libraries,1170914,files/dataProvider/University_of_Southern_California_Libraries.csv,files/dataProvider/University_of_Southern_California_Libraries.csv,files/dataProvider/University_of_Southern_California_Libraries.csv,files/dataProvider/University_of_Southern_California_Libraries.csv,files/dataProvider/University_of_Southern_California_Libraries.csv,files/dataProvider/University_of_Southern_California_Libraries.csv,files/dataProvider/University_of_Southern_California_Libraries.csv,files/dataProvider/University_of_Southern_California_Libraries.csv,files/dataProvider/University_of_Southern_California_Libraries.csv,files/dataProvider/University_of_Southern_California_Libraries.csv,files/dataProvider/University_of_Southern_California_Libraries.csv,files/dataProvider/University_of_Southern_California_Libraries.csv,files/dataProvider/University_of_Southern_California_Libraries.csv,files/dataProvider/University_of_Southern_California_Libraries.csv,files/dataProvider/University_of_Southern_California_Libraries.csv,files/dataProvider/University_of_Southern_California_Libraries.csv,files/dataProvider/University_of_Southern_California_Libraries.csv,files/dataProvider/University_of_Southern_California_Libraries.csv,files/dataProvider/University_of_Southern_California_Libraries.csv,files/dataProvider/University_of_Southern_California_Libraries.csv,files/dataProvider/University_of_Southern_California_Libraries.csv,files/dataProvider/University_of_Southern_California_Libraries.csv
California_Digital_Library,1137203,files/dataProvider/California_Digital_Library.csv,files/dataProvider/California_Digital_Library.csv,files/dataProvider/California_Digital_Library.csv,files/dataProvider/California_Digital_Library.csv,files/dataProvider/California_Digital_Library.csv,files/dataProvider/California_Digital_Library.csv,files/dataProvider/California_Digital_Library.csv,files/dataProvider/California_Digital_Library.csv,files/dataProvider/California_Digital_Library.csv,files/dataProvider/California_Digital_Library.csv,files/dataProvider/California_Digital_Library.csv,files/dataProvider/California_Digital_Library.csv,files/dataProvider/California_Digital_Library.csv,files/dataProvider/California_Digital_Library.csv,files/dataProvider/California_Digital_Library.csv,files/dataProvider/California_Digital_Library.csv,files/dataProvider/California_Digital_Library.csv,files/dataProvider/California_Digital_Library.csv,files/dataProvider/California_Digital_Library.csv,files/dataProvider/California_Digital_Library.csv,files/dataProvider/California_Digital_Library.csv,files/dataProvider/California_Digital_Library.csv
The_Portal_to_Texas_History,1105955,files/dataProvider/The_Portal_to_Texas_History.csv,files/dataProvider/The_Portal_to_Texas_History.csv,files/dataProvider/The_Portal_to_Texas_History.csv,files/dataProvider/The_Portal_to_Texas_History.csv,files/dataProvider/The_Portal_to_Texas_History.csv,files/dataProvider/The_Portal_to_Texas_History.csv,files/dataProvider/The_Portal_to_Texas_History.csv,files/dataProvider/The_Portal_to_Texas_History.csv,files/dataProvider/The_Portal_to_Texas_History.csv,files/dataProvider/The_Portal_to_Texas_History.csv,files/dataProvider/The_Portal_to_Texas_History.csv,files/dataProvider/The_Portal_to_Texas_History.csv,files/dataProvider/The_Portal_to_Texas_History.csv,files/dataProvider/The_Portal_to_Texas_History.csv,files/dataProvider/The_Portal_to_Texas_History.csv,files/dataProvider/The_Portal_to_Texas_History.csv,files/dataProvider/The_Portal_to_Texas_History.csv,files/dataProvider/The_Portal_to_Texas_History.csv,files/dataProvider/The_Portal_to_Texas_History.csv,files/dataProvider/The_Portal_to_Texas_History.csv,files/dataProvider/The_Portal_to_Texas_History.csv,files/dataProvider/The_Portal_to_Texas_History.csv
Mountain_West_Digital_Library,975287,files/dataProvider/Mountain_West_Digital_Library.csv,files/dataProvider/Mountain_West_Digital_Library.csv,files/dataProvider/Mountain_West_Digital_Library.csv,files/dataProvider/Mountain_West_Digital_Library.csv,files/dataProvider/Mountain_West_Digital_Library.csv,files/dataProvider/Mountain_West_Digital_Library.csv,files/dataProvider/Mountain_West_Digital_Library.csv,files/dataProvider/Mountain_West_Digital_Library.csv,files/dataProvider/Mountain_West_Digital_Library.csv,files/dataProvider/Mountain_West_Digital_Library.csv,files/dataProvider/Mountain_West_Digital_Library.csv,files/dataProvider/Mountain_West_Digital_Library.csv,files/dataProvider/Mountain_West_Digital_Library.csv,files/dataProvider/Mountain_West_Digital_Library.csv,files/dataProvider/Mountain_West_Digital_Library.csv,files/dataProvider/Mountain_West_Digital_Library.csv,files/dataProvider/Mountain_West_Digital_Library.csv,files/dataProvider/Mountain_West_Digital_Library.csv,files/dataProvider/Mountain_West_Digital_Library.csv,files/dataProvider/Mountain_West_Digital_Library.csv,files/dataProvider/Mountain_West_Digital_Library.csv,files/dataProvider/Mountain_West_Digital_Library.csv
Digital_Commonwealth,640078,files/dataProvider/Digital_Commonwealth.csv,files/dataProvider/Digital_Commonwealth.csv,files/dataProvider/Digital_Commonwealth.csv,files/dataProvider/Digital_Commonwealth.csv,files/dataProvider/Digital_Commonwealth.csv,files/dataProvider/Digital_Commonwealth.csv,files/dataProvider/Digital_Commonwealth.csv,files/dataProvider/Digital_Commonwealth.csv,files/dataProvider/Digital_Commonwealth.csv,files/dataProvider/Digital_Commonwealth.csv,files/dataProvider/Digital_Commonwealth.csv,files/dataProvider/Digital_Commonwealth.csv,files/dataProvider/Digital_Commonwealth.csv,files/dataProvider/Digital_Commonwealth.csv,files/dataProvider/Digital_Commonwealth.csv,files/dataProvider/Digital_Commonwealth.csv,files/dataProvider/Digital_Commonwealth.csv,files/dataProvider/Digital_Commonwealth.csv,files/dataProvider/Digital_Commonwealth.csv,files/dataProvider/Digital_Commonwealth.csv,files/dataProvider/Digital_Commonwealth.csv,files/dataProvider/Digital_Commonwealth.csv
Minnesota_Digital_Library,621464,files/dataProvider/Minnesota_Digital_Library.csv,files/dataProvider/Minnesota_Digital_Library.csv,files/dataProvider/Minnesota_Digital_Library.csv,files/dataProvider/Minnesota_Digital_Library.csv,files/dataProvider/Minnesota_Digital_Library.csv,files/dataProvider/Minnesota_Digital_Library.csv,files/dataProvider/Minnesota_Digital_Library.csv,files/dataProvider/Minnesota_Digital_Library.csv,files/dataProvider/Minnesota_Digital_Library.csv,files/dataProvider/Minnesota_Digital_Library.csv,files/dataProvider/Minnesota_Digital_Library.csv,files/dataProvider/Minnesota_Digital_Library.csv,files/dataProvider/Minnesota_Digital_Library.csv,files/dataProvider/Minnesota_Digital_Library.csv,files/dataProvider/Minnesota_Digital_Library.csv,files/dataProvider/Minnesota_Digital_Library.csv,files/dataProvider/Minnesota_Digital_Library.csv,files/dataProvider/Minnesota_Digital_Library.csv,files/dataProvider/Minnesota_Digital_Library.csv,files/dataProvider/Minnesota_Digital_Library.csv,files/dataProvider/Minnesota_Digital_Library.csv,files/dataProvider/Minnesota_Digital_Library.csv
Digital_Library_of_Georgia,608584,files/dataProvider/Digital_Library_of_Georgia.csv,files/dataProvider/Digital_Library_of_Georgia.csv,files/dataProvider/Digital_Library_of_Georgia.csv,files/dataProvider/Digital_Library_of_Georgia.csv,files/dataProvider/Digital_Library_of_Georgia.csv,files/dataProvider/Digital_Library_of_Georgia.csv,files/dataProvider/Digital_Library_of_Georgia.csv,files/dataProvider/Digital_Library_of_Georgia.csv,files/dataProvider/Digital_Library_of_Georgia.csv,files/dataProvider/Digital_Library_of_Georgia.csv,files/dataProvider/Digital_Library_of_Georgia.csv,files/dataProvider/Digital_Library_of_Georgia.csv,files/dataProvider/Digital_Library_of_Georgia.csv,files/dataProvider/Digital_Library_of_Georgia.csv,files/dataProvider/Digital_Library_of_Georgia.csv,files/dataProvider/Digital_Library_of_Georgia.csv,files/dataProvider/Digital_Library_of_Georgia.csv,files/dataProvider/Digital_Library_of_Georgia.csv,files/dataProvider/Digital_Library_of_Georgia.csv,files/dataProvider/Digital_Library_of_Georgia.csv,files/dataProvider/Digital_Library_of_Georgia.csv,files/dataProvider/Digital_Library_of_Georgia.csv
Recollection_Wisconsin,490044,files/dataProvider/Recollection_Wisconsin.csv,files/dataProvider/Recollection_Wisconsin.csv,files/dataProvider/Recollection_Wisconsin.csv,files/dataProvider/Recollection_Wisconsin.csv,files/dataProvider/Recollection_Wisconsin.csv,files/dataProvider/Recollection_Wisconsin.csv,files/dataProvider/Recollection_Wisconsin.csv,files/dataProvider/Recollection_Wisconsin.csv,files/dataProvider/Recollection_Wisconsin.csv,files/dataProvider/Recollection_Wisconsin.csv,files/dataProvider/Recollection_Wisconsin.csv,files/dataProvider/Recollection_Wisconsin.csv,files/dataProvider/Recollection_Wisconsin.csv,files/dataProvider/Recollection_Wisconsin.csv,files/dataProvider/Recollection_Wisconsin.csv,files/dataProvider/Recollection_Wisconsin.csv,files/dataProvider/Recollection_Wisconsin.csv,files/dataProvider/Recollection_Wisconsin.csv,files/dataProvider/Recollection_Wisconsin.csv,files/dataProvider/Recollection_Wisconsin.csv,files/dataProvider/Recollection_Wisconsin.csv,files/dataProvider/Recollection_Wisconsin.csv
Internet_Archive,448166,files/dataProvider/Internet_Archive.csv,files/dataProvider/Internet_Archive.csv,files/dataProvider/Internet_Archive.csv,files/dataProvider/Internet_Archive.csv,files/dataProvider/Internet_Archive.csv,files/dataProvider/Internet_Archive.csv,files/dataProvider/Internet_Archive.csv,files/dataProvider/Internet_Archive.csv,files/dataProvider/Internet_Archive.csv,files/dataProvider/Internet_Archive.csv,files/dataProvider/Internet_Archive.csv,files/dataProvider/Internet_Archive.csv,files/dataProvider/Internet_Archive.csv,files/dataProvider/Internet_Archive.csv,files/dataProvider/Internet_Archive.csv,files/dataProvider/Internet_Archive.csv,files/dataProvider/Internet_Archive.csv,files/dataProvider/Internet_Archive.csv,files/dataProvider/Internet_Archive.csv,files/dataProvider/Internet_Archive.csv,files/dataProvider/Internet_Archive.csv,files/dataProvider/Internet_Archive.csv
North_Carolina_Digital_Heritage_Center,439794,files/dataProvider/North_Carolina_Digital_Heritage_Center.csv,files/dataProvider/North_Carolina_Digital_Heritage_Center.csv,files/dataProvider/North_Carolina_Digital_Heritage_Center.csv,files/dataProvider/North_Carolina_Digital_Heritage_Center.csv,files/dataProvider/North_Carolina_Digital_Heritage_Center.csv,files/dataProvider/North_Carolina_Digital_Heritage_Center.csv,files/dataProvider/North_Carolina_Digital_Heritage_Center.csv,files/dataProvider/North_Carolina_Digital_Heritage_Center.csv,files/dataProvider/North_Carolina_Digital_Heritage_Center.csv,files/dataProvider/North_Carolina_Digital_Heritage_Center.csv,files/dataProvider/North_Carolina_Digital_Heritage_Center.csv,files/dataProvider/North_Carolina_Digital_Heritage_Center.csv,files/dataProvider/North_Carolina_Digital_Heritage_Center.csv,files/dataProvider/North_Carolina_Digital_Heritage_Center.csv,files/dataProvider/North_Carolina_Digital_Heritage_Center.csv,files/dataProvider/North_Carolina_Digital_Heritage_Center.csv,files/dataProvider/North_Carolina_Digital_Heritage_Center.csv,files/dataProvider/North_Carolina_Digital_Heritage_Center.csv,files/dataProvider/North_Carolina_Digital_Heritage_Center.csv,files/dataProvider/North_Carolina_Digital_Heritage_Center.csv,files/dataProvider/North_Carolina_Digital_Heritage_Center.csv,files/dataProvider/North_Carolina_Digital_Heritage_Center.csv
Empire_State_Digital_Network,425096,files/dataProvider/Empire_State_Digital_Network.csv,files/dataProvider/Empire_State_Digital_Network.csv,files/dataProvider/Empire_State_Digital_Network.csv,files/dataProvider/Empire_State_Digital_Network.csv,files/dataProvider/Empire_State_Digital_Network.csv,files/dataProvider/Empire_State_Digital_Network.csv,files/dataProvider/Empire_State_Digital_Network.csv,files/dataProvider/Empire_State_Digital_Network.csv,files/dataProvider/Empire_State_Digital_Network.csv,files/dataProvider/Empire_State_Digital_Network.csv,files/dataProvider/Empire_State_Digital_Network.csv,files/dataProvider/Empire_State_Digital_Network.csv,files/dataProvider/Empire_State_Digital_Network.csv,files/dataProvider/Empire_State_Digital_Network.csv,files/dataProvider/Empire_State_Digital_Network.csv,files/dataProvider/Empire_State_Digital_Network.csv,files/dataProvider/Empire_State_Digital_Network.csv,files/dataProvider/Empire_State_Digital_Network.csv,files/dataProvider/Empire_State_Digital_Network.csv,files/dataProvider/Empire_State_Digital_Network.csv,files/dataProvider/Empire_State_Digital_Network.csv,files/dataProvider/Empire_State_Digital_Network.csv
PA_Digital,356763,files/dataProvider/PA_Digital.csv,files/dataProvider/PA_Digital.csv,files/dataProvider/PA_Digital.csv,files/dataProvider/PA_Digital.csv,files/dataProvider/PA_Digital.csv,files/dataProvider/PA_Digital.csv,files/dataProvider/PA_Digital.csv,files/dataProvider/PA_Digital.csv,files/dataProvider/PA_Digital.csv,files/dataProvider/PA_Digital.csv,files/dataProvider/PA_Digital.csv,files/dataProvider/PA_Digital.csv,files/dataProvider/PA_Digital.csv,files/dataProvider/PA_Digital.csv,files/dataProvider/PA_Digital.csv,files/dataProvider/PA_Digital.csv,files/dataProvider/PA_Digital.csv,files/dataProvider/PA_Digital.csv,files/dataProvider/PA_Digital.csv,files/dataProvider/PA_Digital.csv,files/dataProvider/PA_Digital.csv,files/dataProvider/PA_Digital.csv
Indiana_Memory,318502,files/dataProvider/Indiana_Memory.csv,files/dataProvider/Indiana_Memory.csv,files/dataProvider/Indiana_Memory.csv,files/dataProvider/Indiana_Memory.csv,files/dataProvider/Indiana_Memory.csv,files/dataProvider/Indiana_Memory.csv,files/dataProvider/Indiana_Memory.csv,files/dataProvider/Indiana_Memory.csv,files/dataProvider/Indiana_Memory.csv,files/dataProvider/Indiana_Memory.csv,files/dataProvider/Indiana_Memory.csv,files/dataProvider/Indiana_Memory.csv,files/dataProvider/Indiana_Memory.csv,files/dataProvider/Indiana_Memory.csv,files/dataProvider/Indiana_Memory.csv,files/dataProvider/Indiana_Memory.csv,files/dataProvider/Indiana_Memory.csv,files/dataProvider/Indiana_Memory.csv,files/dataProvider/Indiana_Memory.csv,files/dataProvider/Indiana_Memory.csv,files/dataProvider/Indiana_Memory.csv,files/dataProvider/Indiana_Memory.csv
Illinois_Digital_Heritage_Hub,290977,files/dataProvider/Illinois_Digital_Heritage_Hub.csv,files/dataProvider/Illinois_Digital_Heritage_Hub.csv,files/dataProvider/Illinois_Digital_Heritage_Hub.csv,files/dataProvider/Illinois_Digital_Heritage_Hub.csv,files/dataProvider/Illinois_Digital_Heritage_Hub.csv,files/dataProvider/Illinois_Digital_Heritage_Hub.csv,files/dataProvider/Illinois_Digital_Heritage_Hub.csv,files/dataProvider/Illinois_Digital_Heritage_Hub.csv,files/dataProvider/Illinois_Digital_Heritage_Hub.csv,files/dataProvider/Illinois_Digital_Heritage_Hub.csv,files/dataProvider/Illinois_Digital_Heritage_Hub.csv,files/dataProvider/Illinois_Digital_Heritage_Hub.csv,files/dataProvider/Illinois_Digital_Heritage_Hub.csv,files/dataProvider/Illinois_Digital_Heritage_Hub.csv,files/dataProvider/Illinois_Digital_Heritage_Hub.csv,files/dataProvider/Illinois_Digital_Heritage_Hub.csv,files/dataProvider/Illinois_Digital_Heritage_Hub.csv,files/dataProvider/Illinois_Digital_Heritage_Hub.csv,files/dataProvider/Illinois_Digital_Heritage_Hub.csv,files/dataProvider/Illinois_Digital_Heritage_Hub.csv,files/dataProvider/Illinois_Digital_Heritage_Hub.csv,files/dataProvider/Illinois_Digital_Heritage_Hub.csv
Michigan_Service_Hub,276215,files/dataProvider/Michigan_Service_Hub.csv,files/dataProvider/Michigan_Service_Hub.csv,files/dataProvider/Michigan_Service_Hub.csv,files/dataProvider/Michigan_Service_Hub.csv,files/dataProvider/Michigan_Service_Hub.csv,files/dataProvider/Michigan_Service_Hub.csv,files/dataProvider/Michigan_Service_Hub.csv,files/dataProvider/Michigan_Service_Hub.csv,files/dataProvider/Michigan_Service_Hub.csv,files/dataProvider/Michigan_Service_Hub.csv,files/dataProvider/Michigan_Service_Hub.csv,files/dataProvider/Michigan_Service_Hub.csv,files/dataProvider/Michigan_Service_Hub.csv,files/dataProvider/Michigan_Service_Hub.csv,files/dataProvider/Michigan_Service_Hub.csv,files/dataProvider/Michigan_Service_Hub.csv,files/dataProvider/Michigan_Service_Hub.csv,files/dataProvider/Michigan_Service_Hub.csv,files/dataProvider/Michigan_Service_Hub.csv,files/dataProvider/Michigan_Service_Hub.csv,files/dataProvider/Michigan_Service_Hub.csv,files/dataProvider/Michigan_Service_Hub.csv
Biodiversity_Heritage_Library,220248,files/dataProvider/Biodiversity_Heritage_Library.csv,files/dataProvider/Biodiversity_Heritage_Library.csv,files/dataProvider/Biodiversity_Heritage_Library.csv,files/dataProvider/Biodiversity_Heritage_Library.csv,files/dataProvider/Biodiversity_Heritage_Library.csv,files/dataProvider/Biodiversity_Heritage_Library.csv,files/dataProvider/Biodiversity_Heritage_Library.csv,files/dataProvider/Biodiversity_Heritage_Library.csv,files/dataProvider/Biodiversity_Heritage_Library.csv,files/dataProvider/Biodiversity_Heritage_Library.csv,files/dataProvider/Biodiversity_Heritage_Library.csv,files/dataProvider/Biodiversity_Heritage_Library.csv,files/dataProvider/Biodiversity_Heritage_Library.csv,files/dataProvider/Biodiversity_Heritage_Library.csv,files/dataProvider/Biodiversity_Heritage_Library.csv,files/dataProvider/Biodiversity_Heritage_Library.csv,files/dataProvider/Biodiversity_Heritage_Library.csv,files/dataProvider/Biodiversity_Heritage_Library.csv,files/dataProvider/Biodiversity_Heritage_Library.csv,files/dataProvider/Biodiversity_Heritage_Library.csv,files/dataProvider/Biodiversity_Heritage_Library.csv,files/dataProvider/Biodiversity_Heritage_Library.csv
Digital_Library_of_Tennessee,185573,files/dataProvider/Digital_Library_of_Tennessee.csv,files/dataProvider/Digital_Library_of_Tennessee.csv,files/dataProvider/Digital_Library_of_Tennessee.csv,files/dataProvider/Digital_Library_of_Tennessee.csv,files/dataProvider/Digital_Library_of_Tennessee.csv,files/dataProvider/Digital_Library_of_Tennessee.csv,files/dataProvider/Digital_Library_of_Tennessee.csv,files/dataProvider/Digital_Library_of_Tennessee.csv,files/dataProvider/Digital_Library_of_Tennessee.csv,files/dataProvider/Digital_Library_of_Tennessee.csv,files/dataProvider/Digital_Library_of_Tennessee.csv,files/dataProvider/Digital_Library_of_Tennessee.csv,files/dataProvider/Digital_Library_of_Tennessee.csv,files/dataProvider/Digital_Library_of_Tennessee.csv,files/dataProvider/Digital_Library_of_Tennessee.csv,files/dataProvider/Digital_Library_of_Tennessee.csv,files/dataProvider/Digital_Library_of_Tennessee.csv,files/dataProvider/Digital_Library_of_Tennessee.csv,files/dataProvider/Digital_Library_of_Tennessee.csv,files/dataProvider/Digital_Library_of_Tennessee.csv,files/dataProvider/Digital_Library_of_Tennessee.csv,files/dataProvider/Digital_Library_of_Tennessee.csv
South_Carolina_Digital_Library,179815,files/dataProvider/South_Carolina_Digital_Library.csv,files/dataProvider/South_Carolina_Digital_Library.csv,files/dataProvider/South_Carolina_Digital_Library.csv,files/dataProvider/South_Carolina_Digital_Library.csv,files/dataProvider/South_Carolina_Digital_Library.csv,files/dataProvider/South_Carolina_Digital_Library.csv,files/dataProvider/South_Carolina_Digital_Library.csv,files/dataProvider/South_Carolina_Digital_Library.csv,files/dataProvider/South_Carolina_Digital_Library.csv,files/dataProvider/South_Carolina_Digital_Library.csv,files/dataProvider/South_Carolina_Digital_Library.csv,files/dataProvider/South_Carolina_Digital_Library.csv,files/dataProvider/South_Carolina_Digital_Library.csv,files/dataProvider/South_Carolina_Digital_Library.csv,files/dataProvider/South_Carolina_Digital_Library.csv,files/dataProvider/South_Carolina_Digital_Library.csv,files/dataProvider/South_Carolina_Digital_Library.csv,files/dataProvider/South_Carolina_Digital_Library.csv,files/dataProvider/South_Carolina_Digital_Library.csv,files/dataProvider/South_Carolina_Digital_Library.csv,files/dataProvider/South_Carolina_Digital_Library.csv,files/dataProvider/South_Carolina_Digital_Library.csv
United_States_Government_Publishing_Office_(GPO),178505,files/dataProvider/United_States_Government_Publishing_Office_(GPO).csv,files/dataProvider/United_States_Government_Publishing_Office_(GPO).csv,files/dataProvider/United_States_Government_Publishing_Office_(GPO).csv,files/dataProvider/United_States_Government_Publishing_Office_(GPO).csv,files/dataProvider/United_States_Government_Publishing_Office_(GPO).csv,files/dataProvider/United_States_Government_Publishing_Office_(GPO).csv,files/dataProvider/United_States_Government_Publishing_Office_(GPO).csv,files/dataProvider/United_States_Government_Publishing_Office_(GPO).csv,files/dataProvider/United_States_Government_Publishing_Office_(GPO).csv,files/dataProvider/United_States_Government_Publishing_Office_(GPO).csv,files/dataProvider/United_States_Government_Publishing_Office_(GPO).csv,files/dataProvider/United_States_Government_Publishing_Office_(GPO).csv,files/dataProvider/United_States_Government_Publishing_Office_(GPO).csv,files/dataProvider/United_States_Government_Publishing_Office_(GPO).csv,files/dataProvider/United_States_Government_Publishing_Office_(GPO).csv,files/dataProvider/United_States_Government_Publishing_Office_(GPO).csv,files/dataProvider/United_States_Government_Publishing_Office_(GPO).csv,files/dataProvider/United_States_Government_Publishing_Office_(GPO).csv,files/dataProvider/United_States_Government_Publishing_Office_(GPO).csv,files/dataProvider/United_States_Government_Publishing_Office_(GPO).csv,files/dataProvider/United_States_Government_Publishing_Office_(GPO).csv,files/dataProvider/United_States_Government_Publishing_Office_(GPO).csv
Sunshine_State_Digital_Network,169973,files/dataProvider/Sunshine_State_Digital_Network.csv,files/dataProvider/Sunshine_State_Digital_Network.csv,files/dataProvider/Sunshine_State_Digital_Network.csv,files/dataProvider/Sunshine_State_Digital_Network.csv,files/dataProvider/Sunshine_State_Digital_Network.csv,files/dataProvider/Sunshine_State_Digital_Network.csv,files/dataProvider/Sunshine_State_Digital_Network.csv,files/dataProvider/Sunshine_State_Digital_Network.csv,files/dataProvider/Sunshine_State_Digital_Network.csv,files/dataProvider/Sunshine_State_Digital_Network.csv,files/dataProvider/Sunshine_State_Digital_Network.csv,files/dataProvider/Sunshine_State_Digital_Network.csv,files/dataProvider/Sunshine_State_Digital_Network.csv,files/dataProvider/Sunshine_State_Digital_Network.csv,files/dataProvider/Sunshine_State_Digital_Network.csv,files/dataProvider/Sunshine_State_Digital_Network.csv,files/dataProvider/Sunshine_State_Digital_Network.csv,files/dataProvider/Sunshine_State_Digital_Network.csv,files/dataProvider/Sunshine_State_Digital_Network.csv,files/dataProvider/Sunshine_State_Digital_Network.csv,files/dataProvider/Sunshine_State_Digital_Network.csv,files/dataProvider/Sunshine_State_Digital_Network.csv
Missouri_Hub,169836,files/dataProvider/Missouri_Hub.csv,files/dataProvider/Missouri_Hub.csv,files/dataProvider/Missouri_Hub.csv,files/dataProvider/Missouri_Hub.csv,files/dataProvider/Missouri_Hub.csv,files/dataProvider/Missouri_Hub.csv,files/dataProvider/Missouri_Hub.csv,files/dataProvider/Missouri_Hub.csv,files/dataProvider/Missouri_Hub.csv,files/dataProvider/Missouri_Hub.csv,files/dataProvider/Missouri_Hub.csv,files/dataProvider/Missouri_Hub.csv,files/dataProvider/Missouri_Hub.csv,files/dataProvider/Missouri_Hub.csv,files/dataProvider/Missouri_Hub.csv,files/dataProvider/Missouri_Hub.csv,files/dataProvider/Missouri_Hub.csv,files/dataProvider/Missouri_Hub.csv,files/dataProvider/Missouri_Hub.csv,files/dataProvider/Missouri_Hub.csv,files/dataProvider/Missouri_Hub.csv,files/dataProvider/Missouri_Hub.csv
University_of_Washington,141873,files/dataProvider/University_of_Washington.csv,files/dataProvider/University_of_Washington.csv,files/dataProvider/University_of_Washington.csv,files/dataProvider/University_of_Washington.csv,files/dataProvider/University_of_Washington.csv,files/dataProvider/University_of_Washington.csv,files/dataProvider/University_of_Washington.csv,files/dataProvider/University_of_Washington.csv,files/dataProvider/University_of_Washington.csv,files/dataProvider/University_of_Washington.csv,files/dataProvider/University_of_Washington.csv,files/dataProvider/University_of_Washington.csv,files/dataProvider/University_of_Washington.csv,files/dataProvider/University_of_Washington.csv,files/dataProvider/University_of_Washington.csv,files/dataProvider/University_of_Washington.csv,files/dataProvider/University_of_Washington.csv,files/dataProvider/University_of_Washington.csv,files/dataProvider/University_of_Washington.csv,files/dataProvider/University_of_Washington.csv,files/dataProvider/University_of_Washington.csv,files/dataProvider/University_of_Washington.csv
Kentucky_Digital_Library,141677,files/dataProvider/Kentucky_Digital_Library.csv,files/dataProvider/Kentucky_Digital_Library.csv,files/dataProvider/Kentucky_Digital_Library.csv,files/dataProvider/Kentucky_Digital_Library.csv,files/dataProvider/Kentucky_Digital_Library.csv,files/dataProvider/Kentucky_Digital_Library.csv,files/dataProvider/Kentucky_Digital_Library.csv,files/dataProvider/Kentucky_Digital_Library.csv,files/dataProvider/Kentucky_Digital_Library.csv,files/dataProvider/Kentucky_Digital_Library.csv,files/dataProvider/Kentucky_Digital_Library.csv,files/dataProvider/Kentucky_Digital_Library.csv,files/dataProvider/Kentucky_Digital_Library.csv,files/dataProvider/Kentucky_Digital_Library.csv,files/dataProvider/Kentucky_Digital_Library.csv,files/dataProvider/Kentucky_Digital_Library.csv,files/dataProvider/Kentucky_Digital_Library.csv,files/dataProvider/Kentucky_Digital_Library.csv,files/dataProvider/Kentucky_Digital_Library.csv,files/dataProvider/Kentucky_Digital_Library.csv,files/dataProvider/Kentucky_Digital_Library.csv,files/dataProvider/Kentucky_Digital_Library.csv
ARTstor,133802,files/dataProvider/ARTstor.csv,files/dataProvider/ARTstor.csv,files/dataProvider/ARTstor.csv,files/dataProvider/ARTstor.csv,files/dataProvider/ARTstor.csv,files/dataProvider/ARTstor.csv,files/dataProvider/ARTstor.csv,files/dataProvider/ARTstor.csv,files/dataProvider/ARTstor.csv,files/dataProvider/ARTstor.csv,files/dataProvider/ARTstor.csv,files/dataProvider/ARTstor.csv,files/dataProvider/ARTstor.csv,files/dataProvider/ARTstor.csv,files/dataProvider/ARTstor.csv,files/dataProvider/ARTstor.csv,files/dataProvider/ARTstor.csv,files/dataProvider/ARTstor.csv,files/dataProvider/ARTstor.csv,files/dataProvider/ARTstor.csv,files/dataProvider/ARTstor.csv,files/dataProvider/ARTstor.csv
OKHub,111717,files/dataProvider/OKHub.csv,files/dataProvider/OKHub.csv,files/dataProvider/OKHub.csv,files/dataProvider/OKHub.csv,files/dataProvider/OKHub.csv,files/dataProvider/OKHub.csv,files/dataProvider/OKHub.csv,files/dataProvider/OKHub.csv,files/dataProvider/OKHub.csv,files/dataProvider/OKHub.csv,files/dataProvider/OKHub.csv,files/dataProvider/OKHub.csv,files/dataProvider/OKHub.csv,files/dataProvider/OKHub.csv,files/dataProvider/OKHub.csv,files/dataProvider/OKHub.csv,files/dataProvider/OKHub.csv,files/dataProvider/OKHub.csv,files/dataProvider/OKHub.csv,files/dataProvider/OKHub.csv,files/dataProvider/OKHub.csv,files/dataProvider/OKHub.csv
Digital_Maryland,102537,files/dataProvider/Digital_Maryland.csv,files/dataProvider/Digital_Maryland.csv,files/dataProvider/Digital_Maryland.csv,files/dataProvider/Digital_Maryland.csv,files/dataProvider/Digital_Maryland.csv,files/dataProvider/Digital_Maryland.csv,files/dataProvider/Digital_Maryland.csv,files/dataProvider/Digital_Maryland.csv,files/dataProvider/Digital_Maryland.csv,files/dataProvider/Digital_Maryland.csv,files/dataProvider/Digital_Maryland.csv,files/dataProvider/Digital_Maryland.csv,files/dataProvider/Digital_Maryland.csv,files/dataProvider/Digital_Maryland.csv,files/dataProvider/Digital_Maryland.csv,files/dataProvider/Digital_Maryland.csv,files/dataProvider/Digital_Maryland.csv,files/dataProvider/Digital_Maryland.csv,files/dataProvider/Digital_Maryland.csv,files/dataProvider/Digital_Maryland.csv,files/dataProvider/Digital_Maryland.csv,files/dataProvider/Digital_Maryland.csv
Ohio_Digital_Network,100956,files/dataProvider/Ohio_Digital_Network.csv,files/dataProvider/Ohio_Digital_Network.csv,files/dataProvider/Ohio_Digital_Network.csv,files/dataProvider/Ohio_Digital_Network.csv,files/dataProvider/Ohio_Digital_Network.csv,files/dataProvider/Ohio_Digital_Network.csv,files/dataProvider/Ohio_Digital_Network.csv,files/dataProvider/Ohio_Digital_Network.csv,files/dataProvider/Ohio_Digital_Network.csv,files/dataProvider/Ohio_Digital_Network.csv,files/dataProvider/Ohio_Digital_Network.csv,files/dataProvider/Ohio_Digital_Network.csv,files/dataProvider/Ohio_Digital_Network.csv,files/dataProvider/Ohio_Digital_Network.csv,files/dataProvider/Ohio_Digital_Network.csv,files/dataProvider/Ohio_Digital_Network.csv,files/dataProvider/Ohio_Digital_Network.csv,files/dataProvider/Ohio_Digital_Network.csv,files/dataProvider/Ohio_Digital_Network.csv,files/dataProvider/Ohio_Digital_Network.csv,files/dataProvider/Ohio_Digital_Network.csv,files/dataProvider/Ohio_Digital_Network.csv
J._Paul_Getty_Trust,99082,files/dataProvider/J._Paul_Getty_Trust.csv,files/dataProvider/J._Paul_Getty_Trust.csv,files/dataProvider/J._Paul_Getty_Trust.csv,files/dataProvider/J._Paul_Getty_Trust.csv,files/dataProvider/J._Paul_Getty_Trust.csv,files/dataProvider/J._Paul_Getty_Trust.csv,files/dataProvider/J._Paul_Getty_Trust.csv,files/dataProvider/J._Paul_Getty_Trust.csv,files/dataProvider/J._Paul_Getty_Trust.csv,files/dataProvider/J._Paul_Getty_Trust.csv,files/dataProvider/J._Paul_Getty_Trust.csv,files/dataProvider/J._Paul_Getty_Trust.csv,files/dataProvider/J._Paul_Getty_Trust.csv,files/dataProvider/J._Paul_Getty_Trust.csv,files/dataProvider/J._Paul_Getty_Trust.csv,files/dataProvider/J._Paul_Getty_Trust.csv,files/dataProvider/J._Paul_Getty_Trust.csv,files/dataProvider/J._Paul_Getty_Trust.csv,files/dataProvider/J._Paul_Getty_Trust.csv,files/dataProvider/J._Paul_Getty_Trust.csv,files/dataProvider/J._Paul_Getty_Trust.csv,files/dataProvider/J._Paul_Getty_Trust.csv
David_Rumsey,87458,files/dataProvider/David_Rumsey.csv,files/dataProvider/David_Rumsey.csv,files/dataProvider/David_Rumsey.csv,files/dataProvider/David_Rumsey.csv,files/dataProvider/David_Rumsey.csv,files/dataProvider/David_Rumsey.csv,files/dataProvider/David_Rumsey.csv,files/dataProvider/David_Rumsey.csv,files/dataProvider/David_Rumsey.csv,files/dataProvider/David_Rumsey.csv,files/dataProvider/David_Rumsey.csv,files/dataProvider/David_Rumsey.csv,files/dataProvider/David_Rumsey.csv,files/dataProvider/David_Rumsey.csv,files/dataProvider/David_Rumsey.csv,files/dataProvider/David_Rumsey.csv,files/dataProvider/David_Rumsey.csv,files/dataProvider/David_Rumsey.csv,files/dataProvider/David_Rumsey.csv,files/dataProvider/David_Rumsey.csv,files/dataProvider/David_Rumsey.csv,files/dataProvider/David_Rumsey.csv
Big_Sky_Country_Digital_Network,69752,files/dataProvider/Big_Sky_Country_Digital_Network.csv,files/dataProvider/Big_Sky_Country_Digital_Network.csv,files/dataProvider/Big_Sky_Country_Digital_Network.csv,files/dataProvider/Big_Sky_Country_Digital_Network.csv,files/dataProvider/Big_Sky_Country_Digital_Network.csv,files/dataProvider/Big_Sky_Country_Digital_Network.csv,files/dataProvider/Big_Sky_Country_Digital_Network.csv,files/dataProvider/Big_Sky_Country_Digital_Network.csv,files/dataProvider/Big_Sky_Country_Digital_Network.csv,files/dataProvider/Big_Sky_Country_Digital_Network.csv,files/dataProvider/Big_Sky_Country_Digital_Network.csv,files/dataProvider/Big_Sky_Country_Digital_Network.csv,files/dataProvider/Big_Sky_Country_Digital_Network.csv,files/dataProvider/Big_Sky_Country_Digital_Network.csv,files/dataProvider/Big_Sky_Country_Digital_Network.csv,files/dataProvider/Big_Sky_Country_Digital_Network.csv,files/dataProvider/Big_Sky_Country_Digital_Network.csv,files/dataProvider/Big_Sky_Country_Digital_Network.csv,files/dataProvider/Big_Sky_Country_Digital_Network.csv,files/dataProvider/Big_Sky_Country_Digital_Network.csv,files/dataProvider/Big_Sky_Country_Digital_Network.csv,files/dataProvider/Big_Sky_Country_Digital_Network.csv
Digital_Maine,63492,files/dataProvider/Digital_Maine.csv,files/dataProvider/Digital_Maine.csv,files/dataProvider/Digital_Maine.csv,files/dataProvider/Digital_Maine.csv,files/dataProvider/Digital_Maine.csv,files/dataProvider/Digital_Maine.csv,files/dataProvider/Digital_Maine.csv,files/dataProvider/Digital_Maine.csv,files/dataProvider/Digital_Maine.csv,files/dataProvider/Digital_Maine.csv,files/dataProvider/Digital_Maine.csv,files/dataProvider/Digital_Maine.csv,files/dataProvider/Digital_Maine.csv,files/dataProvider/Digital_Maine.csv,files/dataProvider/Digital_Maine.csv,files/dataProvider/Digital_Maine.csv,files/dataProvider/Digital_Maine.csv,files/dataProvider/Digital_Maine.csv,files/dataProvider/Digital_Maine.csv,files/dataProvider/Digital_Maine.csv,files/dataProvider/Digital_Maine.csv,files/dataProvider/Digital_Maine.csv
District_Digital,57757,files/dataProvider/District_Digital.csv,files/dataProvider/District_Digital.csv,files/dataProvider/District_Digital.csv,files/dataProvider/District_Digital.csv,files/dataProvider/District_Digital.csv,files/dataProvider/District_Digital.csv,files/dataProvider/District_Digital.csv,files/dataProvider/District_Digital.csv,files/dataProvider/District_Digital.csv,files/dataProvider/District_Digital.csv,files/dataProvider/District_Digital.csv,files/dataProvider/District_Digital.csv,files/dataProvider/District_Digital.csv,files/dataProvider/District_Digital.csv,files/dataProvider/District_Digital.csv,files/dataProvider/District_Digital.csv,files/dataProvider/District_Digital.csv,files/dataProvider/District_Digital.csv,files/dataProvider/District_Digital.csv,files/dataProvider/District_Digital.csv,files/dataProvider/District_Digital.csv,files/dataProvider/District_Digital.csv
Plains_to_Peaks_Collective,46842,files/dataProvider/Plains_to_Peaks_Collective.csv,files/dataProvider/Plains_to_Peaks_Collective.csv,files/dataProvider/Plains_to_Peaks_Collective.csv,files/dataProvider/Plains_to_Peaks_Collective.csv,files/dataProvider/Plains_to_Peaks_Collective.csv,files/dataProvider/Plains_to_Peaks_Collective.csv,files/dataProvider/Plains_to_Peaks_Collective.csv,files/dataProvider/Plains_to_Peaks_Collective.csv,files/dataProvider/Plains_to_Peaks_Collective.csv,files/dataProvider/Plains_to_Peaks_Collective.csv,files/dataProvider/Plains_to_Peaks_Collective.csv,files/dataProvider/Plains_to_Peaks_Collective.csv,files/dataProvider/Plains_to_Peaks_Collective.csv,files/dataProvider/Plains_to_Peaks_Collective.csv,files/dataProvider/Plains_to_Peaks_Collective.csv,files/dataProvider/Plains_to_Peaks_Collective.csv,files/dataProvider/Plains_to_Peaks_Collective.csv,files/dataProvider/Plains_to_Peaks_Collective.csv,files/dataProvider/Plains_to_Peaks_Collective.csv,files/dataProvider/Plains_to_Peaks_Collective.csv,files/dataProvider/Plains_to_Peaks_Collective.csv,files/dataProvider/Plains_to_Peaks_Collective.csv
University_of_Virginia_Library,30174,files/dataProvider/University_of_Virginia_Library.csv,files/dataProvider/University_of_Virginia_Library.csv,files/dataProvider/University_of_Virginia_Library.csv,files/dataProvider/University_of_Virginia_Library.csv,files/dataProvider/University_of_Virginia_Library.csv,files/dataProvider/University_of_Virginia_Library.csv,files/dataProvider/University_of_Virginia_Library.csv,files/dataProvider/University_of_Virginia_Library.csv,files/dataProvider/University_of_Virginia_Library.csv,files/dataProvider/University_of_Virginia_Library.csv,files/dataProvider/University_of_Virginia_Library.csv,files/dataProvider/University_of_Virginia_Library.csv,files/dataProvider/University_of_Virginia_Library.csv,files/dataProvider/University_of_Virginia_Library.csv,files/dataProvider/University_of_Virginia_Library.csv,files/dataProvider/University_of_Virginia_Library.csv,files/dataProvider/University_of_Virginia_Library.csv,files/dataProvider/University_of_Virginia_Library.csv,files/dataProvider/University_of_Virginia_Library.csv,files/dataProvider/University_of_Virginia_Library.csv,files/dataProvider/University_of_Virginia_Library.csv,files/dataProvider/University_of_Virginia_Library.csv
Harvard_Library,17620,files/dataProvider/Harvard_Library.csv,files/dataProvider/Harvard_Library.csv,files/dataProvider/Harvard_Library.csv,files/dataProvider/Harvard_Library.csv,files/dataProvider/Harvard_Library.csv,files/dataProvider/Harvard_Library.csv,files/dataProvider/Harvard_Library.csv,files/dataProvider/Harvard_Library.csv,files/dataProvider/Harvard_Library.csv,files/dataProvider/Harvard_Library.csv,files/dataProvider/Harvard_Library.csv,files/dataProvider/Harvard_Library.csv,files/dataProvider/Harvard_Library.csv,files/dataProvider/Harvard_Library.csv,files/dataProvider/Harvard_Library.csv,files/dataProvider/Harvard_Library.csv,files/dataProvider/Harvard_Library.csv,files/dataProvider/Harvard_Library.csv,files/dataProvider/Harvard_Library.csv,files/dataProvider/Harvard_Library.csv,files/dataProvider/Harvard_Library.csv,files/dataProvider/Harvard_Library.csv
Library_of_Congress,4481,files/dataProvider/Library_of_Congress.csv,files/dataProvider/Library_of_Congress.csv,files/dataProvider/Library_of_Congress.csv,files/dataProvider/Library_of_Congress.csv,files/dataProvider/Library_of_Congress.csv,files/dataProvider/Library_of_Congress.csv,files/dataProvider/Library_of_Congress.csv,files/dataProvider/Library_of_Congress.csv,files/dataProvider/Library_of_Congress.csv,files/dataProvider/Library_of_Congress.csv,files/dataProvider/Library_of_Congress.csv,files/dataProvider/Library_of_Congress.csv,files/dataProvider/Library_of_Congress.csv,files/dataProvider/Library_of_Congress.csv,files/dataProvider/Library_of_Congress.csv,files/dataProvider/Library_of_Congress.csv,files/dataProvider/Library_of_Congress.csv,files/dataProvider/Library_of_Congress.csv,files/dataProvider/Library_of_Congress.csv,files/dataProvider/Library_of_Congress.csv,files/dataProvider/Library_of_Congress.csv,files/dataProvider/Library_of_Congress.csv
